CREATE DATABASE  IF NOT EXISTS `industry_carbon_emission_analysis` /*!40100 DEFAULT CHARACTER SET utf8mb4 COLLATE utf8mb4_0900_ai_ci */ /*!80016 DEFAULT ENCRYPTION='N' */;
USE `industry_carbon_emission_analysis`;
-- MySQL dump 10.13  Distrib 8.0.43, for Win64 (x86_64)
--
-- Host: localhost    Database: industry_carbon_emission_analysis
-- ------------------------------------------------------
-- Server version	8.0.43

/*!40101 SET @OLD_CHARACTER_SET_CLIENT=@@CHARACTER_SET_CLIENT */;
/*!40101 SET @OLD_CHARACTER_SET_RESULTS=@@CHARACTER_SET_RESULTS */;
/*!40101 SET @OLD_COLLATION_CONNECTION=@@COLLATION_CONNECTION */;
/*!50503 SET NAMES utf8 */;
/*!40103 SET @OLD_TIME_ZONE=@@TIME_ZONE */;
/*!40103 SET TIME_ZONE='+00:00' */;
/*!40014 SET @OLD_UNIQUE_CHECKS=@@UNIQUE_CHECKS, UNIQUE_CHECKS=0 */;
/*!40014 SET @OLD_FOREIGN_KEY_CHECKS=@@FOREIGN_KEY_CHECKS, FOREIGN_KEY_CHECKS=0 */;
/*!40101 SET @OLD_SQL_MODE=@@SQL_MODE, SQL_MODE='NO_AUTO_VALUE_ON_ZERO' */;
/*!40111 SET @OLD_SQL_NOTES=@@SQL_NOTES, SQL_NOTES=0 */;

--
-- Table structure for table `countries`
--

DROP TABLE IF EXISTS `countries`;
/*!40101 SET @saved_cs_client     = @@character_set_client */;
/*!50503 SET character_set_client = utf8mb4 */;
CREATE TABLE `countries` (
  `country_id` int NOT NULL,
  `country_name` varchar(100) NOT NULL,
  `region` varchar(50) DEFAULT NULL,
  `income_group` varchar(50) DEFAULT NULL,
  PRIMARY KEY (`country_id`),
  UNIQUE KEY `uq_country` (`country_name`)
) ENGINE=InnoDB DEFAULT CHARSET=utf8mb4 COLLATE=utf8mb4_0900_ai_ci;
/*!40101 SET character_set_client = @saved_cs_client */;

--
-- Dumping data for table `countries`
--

LOCK TABLES `countries` WRITE;
/*!40000 ALTER TABLE `countries` DISABLE KEYS */;
INSERT INTO `countries` VALUES (1,'United States','North America','High Income'),(2,'China','Asia','Upper Middle Income'),(3,'India','Asia','Lower Middle Income'),(4,'Germany','Europe','High Income'),(5,'United Kingdom','Europe','High Income'),(6,'Japan','Asia','High Income'),(7,'Brazil','South America','Upper Middle Income'),(8,'Canada','North America','High Income'),(9,'Australia','Oceania','High Income'),(10,'South Africa','Africa','Upper Middle Income');
/*!40000 ALTER TABLE `countries` ENABLE KEYS */;
UNLOCK TABLES;

--
-- Table structure for table `emissions`
--

DROP TABLE IF EXISTS `emissions`;
/*!40101 SET @saved_cs_client     = @@character_set_client */;
/*!50503 SET character_set_client = utf8mb4 */;
CREATE TABLE `emissions` (
  `emission_id` int NOT NULL,
  `country_id` int NOT NULL,
  `industry_id` int NOT NULL,
  `year` year NOT NULL,
  `emissions_mtco2` decimal(10,2) NOT NULL,
  PRIMARY KEY (`emission_id`),
  UNIQUE KEY `uq_country_industry_year` (`country_id`,`industry_id`,`year`),
  KEY `fk_em_industry` (`industry_id`),
  CONSTRAINT `fk_em_country` FOREIGN KEY (`country_id`) REFERENCES `countries` (`country_id`),
  CONSTRAINT `fk_em_industry` FOREIGN KEY (`industry_id`) REFERENCES `industries` (`industry_id`),
  CONSTRAINT `emissions_chk_1` CHECK ((`emissions_mtco2` >= 0))
) ENGINE=InnoDB DEFAULT CHARSET=utf8mb4 COLLATE=utf8mb4_0900_ai_ci;
/*!40101 SET character_set_client = @saved_cs_client */;

--
-- Dumping data for table `emissions`
--

LOCK TABLES `emissions` WRITE;
/*!40000 ALTER TABLE `emissions` DISABLE KEYS */;
INSERT INTO `emissions` VALUES (1,1,1,2015,206.26),(2,1,1,2016,219.52),(3,1,1,2017,206.45),(4,1,1,2018,210.96),(5,1,1,2019,233.60),(6,1,1,2020,229.99),(7,1,1,2021,222.13),(8,1,1,2022,236.75),(9,1,1,2023,231.20),(10,1,2,2015,161.38),(11,1,2,2016,149.03),(12,1,2,2017,160.91),(13,1,2,2018,156.65),(14,1,2,2019,170.17),(15,1,2,2020,158.19),(16,1,2,2021,153.40),(17,1,2,2022,182.43),(18,1,2,2023,165.76),(19,1,3,2015,110.40),(20,1,3,2016,117.09),(21,1,3,2017,104.62),(22,1,3,2018,120.03),(23,1,3,2019,110.41),(24,1,3,2020,113.64),(25,1,3,2021,110.68),(26,1,3,2022,135.36),(27,1,3,2023,116.85),(28,1,4,2015,25.93),(29,1,4,2016,48.83),(30,1,4,2017,32.48),(31,1,4,2018,50.87),(32,1,4,2019,33.28),(33,1,4,2020,43.69),(34,1,4,2021,63.03),(35,1,4,2022,72.54),(36,1,4,2023,70.97),(37,1,5,2015,61.32),(38,1,5,2016,56.43),(39,1,5,2017,41.61),(40,1,5,2018,46.16),(41,1,5,2019,45.71),(42,1,5,2020,57.85),(43,1,5,2021,47.67),(44,1,5,2022,23.56),(45,1,5,2023,41.40),(46,1,6,2015,51.93),(47,1,6,2016,53.88),(48,1,6,2017,71.64),(49,1,6,2018,80.70),(50,1,6,2019,84.57),(51,1,6,2020,71.74),(52,1,6,2021,81.91),(53,1,6,2022,93.18),(54,1,6,2023,104.49),(55,2,1,2015,167.77),(56,2,1,2016,162.50),(57,2,1,2017,178.23),(58,2,1,2018,179.30),(59,2,1,2019,160.65),(60,2,1,2020,167.04),(61,2,1,2021,156.26),(62,2,1,2022,141.83),(63,2,1,2023,147.53),(64,2,2,2015,405.44),(65,2,2,2016,363.80),(66,2,2,2017,398.16),(67,2,2,2018,390.75),(68,2,2,2019,386.83),(69,2,2,2020,390.67),(70,2,2,2021,369.82),(71,2,2,2022,387.43),(72,2,2,2023,393.14),(73,2,3,2015,208.90),(74,2,3,2016,214.52),(75,2,3,2017,231.25),(76,2,3,2018,227.94),(77,2,3,2019,221.91),(78,2,3,2020,234.89),(79,2,3,2021,233.29),(80,2,3,2022,244.56),(81,2,3,2023,230.41),(82,2,4,2015,126.13),(83,2,4,2016,131.64),(84,2,4,2017,130.56),(85,2,4,2018,127.27),(86,2,4,2019,124.15),(87,2,4,2020,111.61),(88,2,4,2021,120.83),(89,2,4,2022,120.88),(90,2,4,2023,115.55),(91,2,5,2015,491.46),(92,2,5,2016,472.57),(93,2,5,2017,471.64),(94,2,5,2018,466.55),(95,2,5,2019,446.34),(96,2,5,2020,463.49),(97,2,5,2021,462.59),(98,2,5,2022,484.85),(99,2,5,2023,456.53),(100,2,6,2015,92.57),(101,2,6,2016,100.87),(102,2,6,2017,96.86),(103,2,6,2018,97.14),(104,2,6,2019,80.03),(105,2,6,2020,103.05),(106,2,6,2021,74.90),(107,2,6,2022,94.68),(108,2,6,2023,110.61),(109,3,1,2015,53.43),(110,3,1,2016,61.03),(111,3,1,2017,71.04),(112,3,1,2018,68.36),(113,3,1,2019,61.24),(114,3,1,2020,80.79),(115,3,1,2021,72.83),(116,3,1,2022,91.55),(117,3,1,2023,80.97),(118,3,2,2015,485.13),(119,3,2,2016,458.17),(120,3,2,2017,459.16),(121,3,2,2018,466.89),(122,3,2,2019,442.82),(123,3,2,2020,453.78),(124,3,2,2021,460.95),(125,3,2,2022,428.18),(126,3,2,2023,442.48),(127,3,3,2015,67.29),(128,3,3,2016,76.48),(129,3,3,2017,60.26),(130,3,3,2018,63.40),(131,3,3,2019,85.80),(132,3,3,2020,87.52),(133,3,3,2021,91.03),(134,3,3,2022,95.96),(135,3,3,2023,89.67),(136,3,4,2015,99.90),(137,3,4,2016,104.50),(138,3,4,2017,98.41),(139,3,4,2018,128.20),(140,3,4,2019,118.26),(141,3,4,2020,105.60),(142,3,4,2021,128.06),(143,3,4,2022,115.73),(144,3,4,2023,137.34),(145,3,5,2015,185.83),(146,3,5,2016,182.78),(147,3,5,2017,189.34),(148,3,5,2018,202.55),(149,3,5,2019,183.60),(150,3,5,2020,180.98),(151,3,5,2021,182.09),(152,3,5,2022,185.29),(153,3,5,2023,195.14),(154,3,6,2015,451.59),(155,3,6,2016,449.62),(156,3,6,2017,465.34),(157,3,6,2018,449.47),(158,3,6,2019,480.63),(159,3,6,2020,461.00),(160,3,6,2021,447.48),(161,3,6,2022,446.65),(162,3,6,2023,463.50),(163,4,1,2015,469.19),(164,4,1,2016,483.10),(165,4,1,2017,485.23),(166,4,1,2018,484.31),(167,4,1,2019,481.11),(168,4,1,2020,478.97),(169,4,1,2021,494.19),(170,4,1,2022,511.76),(171,4,1,2023,509.88),(172,4,2,2015,456.90),(173,4,2,2016,462.48),(174,4,2,2017,474.81),(175,4,2,2018,475.82),(176,4,2,2019,465.77),(177,4,2,2020,482.73),(178,4,2,2021,486.72),(179,4,2,2022,493.91),(180,4,2,2023,495.57),(181,4,3,2015,197.71),(182,4,3,2016,195.63),(183,4,3,2017,193.58),(184,4,3,2018,224.89),(185,4,3,2019,190.01),(186,4,3,2020,193.59),(187,4,3,2021,189.71),(188,4,3,2022,184.62),(189,4,3,2023,172.89),(190,4,4,2015,207.87),(191,4,4,2016,191.37),(192,4,4,2017,192.98),(193,4,4,2018,211.25),(194,4,4,2019,165.37),(195,4,4,2020,186.84),(196,4,4,2021,159.79),(197,4,4,2022,167.14),(198,4,4,2023,178.69),(199,4,5,2015,73.84),(200,4,5,2016,88.01),(201,4,5,2017,74.13),(202,4,5,2018,83.82),(203,4,5,2019,82.33),(204,4,5,2020,75.59),(205,4,5,2021,103.76),(206,4,5,2022,88.89),(207,4,5,2023,62.52),(208,4,6,2015,403.55),(209,4,6,2016,391.47),(210,4,6,2017,395.96),(211,4,6,2018,399.86),(212,4,6,2019,401.18),(213,4,6,2020,378.23),(214,4,6,2021,384.59),(215,4,6,2022,380.90),(216,4,6,2023,376.82),(217,5,1,2015,271.02),(218,5,1,2016,294.95),(219,5,1,2017,309.14),(220,5,1,2018,300.39),(221,5,1,2019,277.02),(222,5,1,2020,289.52),(223,5,1,2021,309.17),(224,5,1,2022,291.57),(225,5,1,2023,305.23),(226,5,2,2015,255.35),(227,5,2,2016,211.17),(228,5,2,2017,229.32),(229,5,2,2018,233.01),(230,5,2,2019,219.04),(231,5,2,2020,243.82),(232,5,2,2021,209.17),(233,5,2,2022,215.05),(234,5,2,2023,216.74),(235,5,3,2015,211.45),(236,5,3,2016,201.17),(237,5,3,2017,192.52),(238,5,3,2018,208.21),(239,5,3,2019,206.84),(240,5,3,2020,200.10),(241,5,3,2021,208.06),(242,5,3,2022,204.77),(243,5,3,2023,211.02),(244,5,4,2015,212.94),(245,5,4,2016,229.08),(246,5,4,2017,189.67),(247,5,4,2018,209.10),(248,5,4,2019,217.94),(249,5,4,2020,216.30),(250,5,4,2021,208.69),(251,5,4,2022,214.27),(252,5,4,2023,212.85),(253,5,5,2015,419.65),(254,5,5,2016,429.27),(255,5,5,2017,419.58),(256,5,5,2018,404.31),(257,5,5,2019,415.47),(258,5,5,2020,404.78),(259,5,5,2021,405.07),(260,5,5,2022,398.47),(261,5,5,2023,379.11),(262,5,6,2015,374.69),(263,5,6,2016,383.15),(264,5,6,2017,387.61),(265,5,6,2018,402.28),(266,5,6,2019,386.65),(267,5,6,2020,401.11),(268,5,6,2021,396.68),(269,5,6,2022,399.60),(270,5,6,2023,415.83),(271,6,1,2015,393.47),(272,6,1,2016,383.17),(273,6,1,2017,392.33),(274,6,1,2018,384.95),(275,6,1,2019,393.84),(276,6,1,2020,391.84),(277,6,1,2021,396.66),(278,6,1,2022,404.19),(279,6,1,2023,392.60),(280,6,2,2015,181.67),(281,6,2,2016,170.61),(282,6,2,2017,165.23),(283,6,2,2018,161.84),(284,6,2,2019,160.17),(285,6,2,2020,152.05),(286,6,2,2021,141.49),(287,6,2,2022,149.51),(288,6,2,2023,140.26),(289,6,3,2015,223.68),(290,6,3,2016,232.60),(291,6,3,2017,243.82),(292,6,3,2018,237.93),(293,6,3,2019,239.22),(294,6,3,2020,253.76),(295,6,3,2021,257.65),(296,6,3,2022,254.00),(297,6,3,2023,258.24),(298,6,4,2015,63.04),(299,6,4,2016,51.11),(300,6,4,2017,56.38),(301,6,4,2018,68.14),(302,6,4,2019,78.05),(303,6,4,2020,88.16),(304,6,4,2021,104.67),(305,6,4,2022,103.36),(306,6,4,2023,98.05),(307,6,5,2015,73.19),(308,6,5,2016,70.41),(309,6,5,2017,76.45),(310,6,5,2018,64.88),(311,6,5,2019,78.27),(312,6,5,2020,88.33),(313,6,5,2021,71.84),(314,6,5,2022,76.88),(315,6,5,2023,79.69),(316,6,6,2015,123.31),(317,6,6,2016,134.20),(318,6,6,2017,136.72),(319,6,6,2018,142.20),(320,6,6,2019,138.12),(321,6,6,2020,150.73),(322,6,6,2021,160.10),(323,6,6,2022,174.26),(324,6,6,2023,173.98),(325,7,1,2015,246.90),(326,7,1,2016,241.29),(327,7,1,2017,262.63),(328,7,1,2018,233.92),(329,7,1,2019,234.88),(330,7,1,2020,238.56),(331,7,1,2021,224.59),(332,7,1,2022,241.85),(333,7,1,2023,240.79),(334,7,2,2015,489.21),(335,7,2,2016,495.99),(336,7,2,2017,516.20),(337,7,2,2018,511.80),(338,7,2,2019,501.39),(339,7,2,2020,503.04),(340,7,2,2021,521.80),(341,7,2,2022,508.54),(342,7,2,2023,544.92),(343,7,3,2015,479.50),(344,7,3,2016,466.68),(345,7,3,2017,457.90),(346,7,3,2018,492.23),(347,7,3,2019,481.21),(348,7,3,2020,498.39),(349,7,3,2021,473.73),(350,7,3,2022,487.34),(351,7,3,2023,497.05),(352,7,4,2015,389.58),(353,7,4,2016,389.06),(354,7,4,2017,404.24),(355,7,4,2018,391.78),(356,7,4,2019,405.48),(357,7,4,2020,412.56),(358,7,4,2021,420.94),(359,7,4,2022,427.36),(360,7,4,2023,413.45),(361,7,5,2015,320.02),(362,7,5,2016,307.80),(363,7,5,2017,329.38),(364,7,5,2018,313.60),(365,7,5,2019,322.82),(366,7,5,2020,310.28),(367,7,5,2021,328.80),(368,7,5,2022,324.33),(369,7,5,2023,302.86),(370,7,6,2015,94.04),(371,7,6,2016,86.07),(372,7,6,2017,88.59),(373,7,6,2018,60.54),(374,7,6,2019,72.34),(375,7,6,2020,71.35),(376,7,6,2021,38.47),(377,7,6,2022,39.51),(378,7,6,2023,26.24),(379,8,1,2015,469.02),(380,8,1,2016,453.22),(381,8,1,2017,467.25),(382,8,1,2018,435.64),(383,8,1,2019,430.89),(384,8,1,2020,445.85),(385,8,1,2021,448.73),(386,8,1,2022,443.05),(387,8,1,2023,421.18),(388,8,2,2015,323.14),(389,8,2,2016,325.10),(390,8,2,2017,309.44),(391,8,2,2018,311.10),(392,8,2,2019,303.05),(393,8,2,2020,310.41),(394,8,2,2021,317.99),(395,8,2,2022,295.99),(396,8,2,2023,308.28),(397,8,3,2015,107.00),(398,8,3,2016,99.78),(399,8,3,2017,102.05),(400,8,3,2018,88.17),(401,8,3,2019,88.40),(402,8,3,2020,77.36),(403,8,3,2021,104.40),(404,8,3,2022,80.51),(405,8,3,2023,68.57),(406,8,4,2015,441.46),(407,8,4,2016,442.40),(408,8,4,2017,445.53),(409,8,4,2018,458.09),(410,8,4,2019,463.73),(411,8,4,2020,455.06),(412,8,4,2021,458.81),(413,8,4,2022,466.03),(414,8,4,2023,449.97),(415,8,5,2015,333.21),(416,8,5,2016,312.96),(417,8,5,2017,319.91),(418,8,5,2018,315.94),(419,8,5,2019,342.31),(420,8,5,2020,321.40),(421,8,5,2021,307.62),(422,8,5,2022,298.03),(423,8,5,2023,290.21),(424,8,6,2015,151.27),(425,8,6,2016,141.54),(426,8,6,2017,135.97),(427,8,6,2018,162.43),(428,8,6,2019,153.14),(429,8,6,2020,143.02),(430,8,6,2021,156.67),(431,8,6,2022,141.42),(432,8,6,2023,130.81),(433,9,1,2015,291.31),(434,9,1,2016,302.23),(435,9,1,2017,297.84),(436,9,1,2018,295.22),(437,9,1,2019,320.76),(438,9,1,2020,333.05),(439,9,1,2021,302.42),(440,9,1,2022,324.49),(441,9,1,2023,314.81),(442,9,2,2015,104.68),(443,9,2,2016,107.89),(444,9,2,2017,96.94),(445,9,2,2018,105.81),(446,9,2,2019,100.45),(447,9,2,2020,96.42),(448,9,2,2021,87.58),(449,9,2,2022,88.74),(450,9,2,2023,99.91),(451,9,3,2015,103.02),(452,9,3,2016,111.23),(453,9,3,2017,88.70),(454,9,3,2018,112.52),(455,9,3,2019,102.15),(456,9,3,2020,116.16),(457,9,3,2021,104.51),(458,9,3,2022,95.78),(459,9,3,2023,99.24),(460,9,4,2015,75.60),(461,9,4,2016,82.61),(462,9,4,2017,60.72),(463,9,4,2018,77.78),(464,9,4,2019,67.44),(465,9,4,2020,74.13),(466,9,4,2021,82.23),(467,9,4,2022,74.26),(468,9,4,2023,80.13),(469,9,5,2015,60.48),(470,9,5,2016,49.55),(471,9,5,2017,68.58),(472,9,5,2018,53.82),(473,9,5,2019,75.32),(474,9,5,2020,89.33),(475,9,5,2021,55.10),(476,9,5,2022,76.75),(477,9,5,2023,95.39),(478,9,6,2015,416.67),(479,9,6,2016,427.06),(480,9,6,2017,421.96),(481,9,6,2018,433.51),(482,9,6,2019,435.74),(483,9,6,2020,453.63),(484,9,6,2021,449.14),(485,9,6,2022,454.63),(486,9,6,2023,451.78),(487,10,1,2015,120.73),(488,10,1,2016,109.21),(489,10,1,2017,112.95),(490,10,1,2018,127.44),(491,10,1,2019,112.04),(492,10,1,2020,96.70),(493,10,1,2021,108.61),(494,10,1,2022,89.16),(495,10,1,2023,69.49),(496,10,2,2015,232.01),(497,10,2,2016,240.28),(498,10,2,2017,254.88),(499,10,2,2018,239.40),(500,10,2,2019,231.95),(501,10,2,2020,240.45),(502,10,2,2021,208.06),(503,10,2,2022,230.54),(504,10,2,2023,233.91),(505,10,3,2015,61.33),(506,10,3,2016,91.95),(507,10,3,2017,88.29),(508,10,3,2018,85.15),(509,10,3,2019,100.03),(510,10,3,2020,120.81),(511,10,3,2021,104.32),(512,10,3,2022,109.38),(513,10,3,2023,106.70),(514,10,4,2015,130.78),(515,10,4,2016,142.43),(516,10,4,2017,139.38),(517,10,4,2018,151.38),(518,10,4,2019,152.37),(519,10,4,2020,161.85),(520,10,4,2021,148.81),(521,10,4,2022,153.65),(522,10,4,2023,149.00),(523,10,5,2015,410.27),(524,10,5,2016,389.98),(525,10,5,2017,404.40),(526,10,5,2018,405.76),(527,10,5,2019,392.83),(528,10,5,2020,403.97),(529,10,5,2021,373.96),(530,10,5,2022,365.75),(531,10,5,2023,356.91),(532,10,6,2015,256.72),(533,10,6,2016,249.04),(534,10,6,2017,239.45),(535,10,6,2018,279.64),(536,10,6,2019,260.95),(537,10,6,2020,265.22),(538,10,6,2021,275.86),(539,10,6,2022,277.88),(540,10,6,2023,279.78);
/*!40000 ALTER TABLE `emissions` ENABLE KEYS */;
UNLOCK TABLES;

--
-- Table structure for table `energy_sources`
--

DROP TABLE IF EXISTS `energy_sources`;
/*!40101 SET @saved_cs_client     = @@character_set_client */;
/*!50503 SET character_set_client = utf8mb4 */;
CREATE TABLE `energy_sources` (
  `energy_id` int NOT NULL AUTO_INCREMENT,
  `country_id` int NOT NULL,
  `year` year NOT NULL,
  `energy_type` varchar(50) NOT NULL,
  `share_percentage` decimal(5,2) DEFAULT NULL,
  PRIMARY KEY (`energy_id`),
  UNIQUE KEY `uq_energy_mix` (`country_id`,`year`,`energy_type`),
  CONSTRAINT `fk_energy_country` FOREIGN KEY (`country_id`) REFERENCES `countries` (`country_id`),
  CONSTRAINT `energy_sources_chk_1` CHECK (((`share_percentage` >= 0) and (`share_percentage` <= 100)))
) ENGINE=InnoDB AUTO_INCREMENT=361 DEFAULT CHARSET=utf8mb4 COLLATE=utf8mb4_0900_ai_ci;
/*!40101 SET character_set_client = @saved_cs_client */;

--
-- Dumping data for table `energy_sources`
--

LOCK TABLES `energy_sources` WRITE;
/*!40000 ALTER TABLE `energy_sources` DISABLE KEYS */;
INSERT INTO `energy_sources` VALUES (1,1,2015,'Coal',38.56),(2,1,2015,'Oil',5.20),(3,1,2015,'Natural Gas',26.95),(4,1,2015,'Renewables',29.29),(5,1,2016,'Coal',7.66),(6,1,2016,'Oil',18.50),(7,1,2016,'Natural Gas',37.79),(8,1,2016,'Renewables',36.05),(9,1,2017,'Coal',8.90),(10,1,2017,'Oil',1.78),(11,1,2017,'Natural Gas',62.21),(12,1,2017,'Renewables',27.11),(13,1,2018,'Coal',2.45),(14,1,2018,'Oil',46.62),(15,1,2018,'Natural Gas',37.49),(16,1,2018,'Renewables',13.45),(17,1,2019,'Coal',47.89),(18,1,2019,'Oil',27.25),(19,1,2019,'Natural Gas',3.01),(20,1,2019,'Renewables',21.85),(21,1,2020,'Coal',63.88),(22,1,2020,'Oil',0.18),(23,1,2020,'Natural Gas',15.96),(24,1,2020,'Renewables',19.98),(25,1,2021,'Coal',18.59),(26,1,2021,'Oil',60.87),(27,1,2021,'Natural Gas',10.25),(28,1,2021,'Renewables',10.28),(29,1,2022,'Coal',47.84),(30,1,2022,'Oil',21.53),(31,1,2022,'Natural Gas',9.10),(32,1,2022,'Renewables',21.54),(33,1,2023,'Coal',9.62),(34,1,2023,'Oil',12.29),(35,1,2023,'Natural Gas',43.70),(36,1,2023,'Renewables',34.39),(37,2,2015,'Coal',51.51),(38,2,2015,'Oil',9.41),(39,2,2015,'Natural Gas',18.17),(40,2,2015,'Renewables',20.92),(41,2,2016,'Coal',0.29),(42,2,2016,'Oil',23.97),(43,2,2016,'Natural Gas',4.31),(44,2,2016,'Renewables',71.43),(45,2,2017,'Coal',2.46),(46,2,2017,'Oil',8.17),(47,2,2017,'Natural Gas',1.36),(48,2,2017,'Renewables',88.01),(49,2,2018,'Coal',22.81),(50,2,2018,'Oil',29.59),(51,2,2018,'Natural Gas',2.27),(52,2,2018,'Renewables',45.33),(53,2,2019,'Coal',7.96),(54,2,2019,'Oil',77.14),(55,2,2019,'Natural Gas',7.76),(56,2,2019,'Renewables',7.15),(57,2,2020,'Coal',2.36),(58,2,2020,'Oil',40.53),(59,2,2020,'Natural Gas',52.79),(60,2,2020,'Renewables',4.31),(61,2,2021,'Coal',43.66),(62,2,2021,'Oil',17.64),(63,2,2021,'Natural Gas',21.72),(64,2,2021,'Renewables',16.98),(65,2,2022,'Coal',30.09),(66,2,2022,'Oil',48.19),(67,2,2022,'Natural Gas',9.91),(68,2,2022,'Renewables',11.80),(69,2,2023,'Coal',34.82),(70,2,2023,'Oil',51.40),(71,2,2023,'Natural Gas',8.22),(72,2,2023,'Renewables',5.56),(73,3,2015,'Coal',58.89),(74,3,2015,'Oil',29.96),(75,3,2015,'Natural Gas',1.47),(76,3,2015,'Renewables',9.68),(77,3,2016,'Coal',48.17),(78,3,2016,'Oil',41.17),(79,3,2016,'Natural Gas',1.05),(80,3,2016,'Renewables',9.61),(81,3,2017,'Coal',17.44),(82,3,2017,'Oil',73.95),(83,3,2017,'Natural Gas',1.32),(84,3,2017,'Renewables',7.29),(85,3,2018,'Coal',51.32),(86,3,2018,'Oil',6.27),(87,3,2018,'Natural Gas',33.73),(88,3,2018,'Renewables',8.68),(89,3,2019,'Coal',2.91),(90,3,2019,'Oil',7.74),(91,3,2019,'Natural Gas',35.58),(92,3,2019,'Renewables',53.77),(93,3,2020,'Coal',49.10),(94,3,2020,'Oil',14.01),(95,3,2020,'Natural Gas',30.54),(96,3,2020,'Renewables',6.35),(97,3,2021,'Coal',12.77),(98,3,2021,'Oil',83.45),(99,3,2021,'Natural Gas',0.48),(100,3,2021,'Renewables',3.29),(101,3,2022,'Coal',17.46),(102,3,2022,'Oil',2.01),(103,3,2022,'Natural Gas',15.00),(104,3,2022,'Renewables',65.53),(105,3,2023,'Coal',11.17),(106,3,2023,'Oil',45.57),(107,3,2023,'Natural Gas',34.72),(108,3,2023,'Renewables',8.54),(109,4,2015,'Coal',15.15),(110,4,2015,'Oil',24.09),(111,4,2015,'Natural Gas',45.02),(112,4,2015,'Renewables',15.74),(113,4,2016,'Coal',33.96),(114,4,2016,'Oil',18.28),(115,4,2016,'Natural Gas',27.87),(116,4,2016,'Renewables',19.89),(117,4,2017,'Coal',7.11),(118,4,2017,'Oil',60.43),(119,4,2017,'Natural Gas',29.39),(120,4,2017,'Renewables',3.08),(121,4,2018,'Coal',30.95),(122,4,2018,'Oil',10.20),(123,4,2018,'Natural Gas',34.32),(124,4,2018,'Renewables',24.54),(125,4,2019,'Coal',33.17),(126,4,2019,'Oil',1.36),(127,4,2019,'Natural Gas',18.74),(128,4,2019,'Renewables',46.73),(129,4,2020,'Coal',30.85),(130,4,2020,'Oil',9.17),(131,4,2020,'Natural Gas',4.61),(132,4,2020,'Renewables',55.37),(133,4,2021,'Coal',76.87),(134,4,2021,'Oil',13.78),(135,4,2021,'Natural Gas',3.48),(136,4,2021,'Renewables',5.87),(137,4,2022,'Coal',0.54),(138,4,2022,'Oil',71.01),(139,4,2022,'Natural Gas',3.62),(140,4,2022,'Renewables',24.83),(141,4,2023,'Coal',8.10),(142,4,2023,'Oil',20.44),(143,4,2023,'Natural Gas',26.66),(144,4,2023,'Renewables',44.79),(145,5,2015,'Coal',8.59),(146,5,2015,'Oil',0.41),(147,5,2015,'Natural Gas',5.47),(148,5,2015,'Renewables',85.53),(149,5,2016,'Coal',41.48),(150,5,2016,'Oil',18.23),(151,5,2016,'Natural Gas',18.38),(152,5,2016,'Renewables',21.91),(153,5,2017,'Coal',5.24),(154,5,2017,'Oil',66.86),(155,5,2017,'Natural Gas',14.76),(156,5,2017,'Renewables',13.14),(157,5,2018,'Coal',31.80),(158,5,2018,'Oil',2.09),(159,5,2018,'Natural Gas',7.90),(160,5,2018,'Renewables',58.21),(161,5,2019,'Coal',4.84),(162,5,2019,'Oil',51.77),(163,5,2019,'Natural Gas',15.77),(164,5,2019,'Renewables',27.62),(165,5,2020,'Coal',14.18),(166,5,2020,'Oil',18.30),(167,5,2020,'Natural Gas',52.85),(168,5,2020,'Renewables',14.68),(169,5,2021,'Coal',15.67),(170,5,2021,'Oil',12.12),(171,5,2021,'Natural Gas',20.43),(172,5,2021,'Renewables',51.78),(173,5,2022,'Coal',69.54),(174,5,2022,'Oil',12.76),(175,5,2022,'Natural Gas',1.67),(176,5,2022,'Renewables',16.04),(177,5,2023,'Coal',35.44),(178,5,2023,'Oil',2.07),(179,5,2023,'Natural Gas',26.89),(180,5,2023,'Renewables',35.61),(181,6,2015,'Coal',19.64),(182,6,2015,'Oil',71.15),(183,6,2015,'Natural Gas',5.44),(184,6,2015,'Renewables',3.77),(185,6,2016,'Coal',34.98),(186,6,2016,'Oil',18.37),(187,6,2016,'Natural Gas',31.32),(188,6,2016,'Renewables',15.33),(189,6,2017,'Coal',5.91),(190,6,2017,'Oil',35.73),(191,6,2017,'Natural Gas',33.57),(192,6,2017,'Renewables',24.79),(193,6,2018,'Coal',18.11),(194,6,2018,'Oil',50.87),(195,6,2018,'Natural Gas',25.54),(196,6,2018,'Renewables',5.48),(197,6,2019,'Coal',40.01),(198,6,2019,'Oil',2.36),(199,6,2019,'Natural Gas',48.15),(200,6,2019,'Renewables',9.48),(201,6,2020,'Coal',4.69),(202,6,2020,'Oil',17.88),(203,6,2020,'Natural Gas',47.25),(204,6,2020,'Renewables',30.18),(205,6,2021,'Coal',28.38),(206,6,2021,'Oil',18.58),(207,6,2021,'Natural Gas',20.36),(208,6,2021,'Renewables',32.68),(209,6,2022,'Coal',5.12),(210,6,2022,'Oil',11.99),(211,6,2022,'Natural Gas',4.46),(212,6,2022,'Renewables',78.42),(213,6,2023,'Coal',42.78),(214,6,2023,'Oil',0.60),(215,6,2023,'Natural Gas',18.14),(216,6,2023,'Renewables',38.48),(217,7,2015,'Coal',5.62),(218,7,2015,'Oil',23.68),(219,7,2015,'Natural Gas',69.72),(220,7,2015,'Renewables',0.97),(221,7,2016,'Coal',15.58),(222,7,2016,'Oil',4.60),(223,7,2016,'Natural Gas',33.65),(224,7,2016,'Renewables',46.17),(225,7,2017,'Coal',39.16),(226,7,2017,'Oil',8.72),(227,7,2017,'Natural Gas',26.87),(228,7,2017,'Renewables',25.25),(229,7,2018,'Coal',12.42),(230,7,2018,'Oil',57.05),(231,7,2018,'Natural Gas',1.22),(232,7,2018,'Renewables',29.31),(233,7,2019,'Coal',15.73),(234,7,2019,'Oil',7.73),(235,7,2019,'Natural Gas',4.82),(236,7,2019,'Renewables',71.72),(237,7,2020,'Coal',19.30),(238,7,2020,'Oil',59.96),(239,7,2020,'Natural Gas',3.14),(240,7,2020,'Renewables',17.60),(241,7,2021,'Coal',20.92),(242,7,2021,'Oil',42.20),(243,7,2021,'Natural Gas',10.36),(244,7,2021,'Renewables',26.53),(245,7,2022,'Coal',63.53),(246,7,2022,'Oil',27.99),(247,7,2022,'Natural Gas',7.76),(248,7,2022,'Renewables',0.72),(249,7,2023,'Coal',41.72),(250,7,2023,'Oil',0.44),(251,7,2023,'Natural Gas',42.46),(252,7,2023,'Renewables',15.39),(253,8,2015,'Coal',25.40),(254,8,2015,'Oil',14.56),(255,8,2015,'Natural Gas',56.12),(256,8,2015,'Renewables',3.92),(257,8,2016,'Coal',40.34),(258,8,2016,'Oil',14.23),(259,8,2016,'Natural Gas',18.09),(260,8,2016,'Renewables',27.33),(261,8,2017,'Coal',25.19),(262,8,2017,'Oil',50.42),(263,8,2017,'Natural Gas',17.80),(264,8,2017,'Renewables',6.59),(265,8,2018,'Coal',24.05),(266,8,2018,'Oil',58.81),(267,8,2018,'Natural Gas',11.99),(268,8,2018,'Renewables',5.15),(269,8,2019,'Coal',31.41),(270,8,2019,'Oil',24.29),(271,8,2019,'Natural Gas',25.21),(272,8,2019,'Renewables',19.09),(273,8,2020,'Coal',0.86),(274,8,2020,'Oil',0.36),(275,8,2020,'Natural Gas',87.66),(276,8,2020,'Renewables',11.12),(277,8,2021,'Coal',9.97),(278,8,2021,'Oil',23.40),(279,8,2021,'Natural Gas',5.06),(280,8,2021,'Renewables',61.57),(281,8,2022,'Coal',35.97),(282,8,2022,'Oil',2.18),(283,8,2022,'Natural Gas',12.60),(284,8,2022,'Renewables',49.25),(285,8,2023,'Coal',62.15),(286,8,2023,'Oil',13.52),(287,8,2023,'Natural Gas',20.40),(288,8,2023,'Renewables',3.92),(289,9,2015,'Coal',53.13),(290,9,2015,'Oil',2.96),(291,9,2015,'Natural Gas',32.13),(292,9,2015,'Renewables',11.78),(293,9,2016,'Coal',44.33),(294,9,2016,'Oil',34.05),(295,9,2016,'Natural Gas',12.42),(296,9,2016,'Renewables',9.20),(297,9,2017,'Coal',10.38),(298,9,2017,'Oil',8.60),(299,9,2017,'Natural Gas',63.05),(300,9,2017,'Renewables',17.97),(301,9,2018,'Coal',0.72),(302,9,2018,'Oil',41.81),(303,9,2018,'Natural Gas',25.88),(304,9,2018,'Renewables',31.60),(305,9,2019,'Coal',71.40),(306,9,2019,'Oil',2.58),(307,9,2019,'Natural Gas',6.82),(308,9,2019,'Renewables',19.20),(309,9,2020,'Coal',36.04),(310,9,2020,'Oil',5.06),(311,9,2020,'Natural Gas',51.21),(312,9,2020,'Renewables',7.69),(313,9,2021,'Coal',9.08),(314,9,2021,'Oil',27.60),(315,9,2021,'Natural Gas',32.22),(316,9,2021,'Renewables',31.10),(317,9,2022,'Coal',3.63),(318,9,2022,'Oil',79.44),(319,9,2022,'Natural Gas',11.68),(320,9,2022,'Renewables',5.25),(321,9,2023,'Coal',24.53),(322,9,2023,'Oil',34.81),(323,9,2023,'Natural Gas',22.14),(324,9,2023,'Renewables',18.52),(325,10,2015,'Coal',42.92),(326,10,2015,'Oil',32.26),(327,10,2015,'Natural Gas',3.67),(328,10,2015,'Renewables',21.16),(329,10,2016,'Coal',17.04),(330,10,2016,'Oil',10.99),(331,10,2016,'Natural Gas',46.95),(332,10,2016,'Renewables',25.02),(333,10,2017,'Coal',5.41),(334,10,2017,'Oil',15.92),(335,10,2017,'Natural Gas',73.60),(336,10,2017,'Renewables',5.07),(337,10,2018,'Coal',46.01),(338,10,2018,'Oil',16.50),(339,10,2018,'Natural Gas',15.82),(340,10,2018,'Renewables',21.67),(341,10,2019,'Coal',42.10),(342,10,2019,'Oil',10.33),(343,10,2019,'Natural Gas',27.40),(344,10,2019,'Renewables',20.17),(345,10,2020,'Coal',6.10),(346,10,2020,'Oil',41.43),(347,10,2020,'Natural Gas',31.37),(348,10,2020,'Renewables',21.10),(349,10,2021,'Coal',27.29),(350,10,2021,'Oil',28.99),(351,10,2021,'Natural Gas',17.69),(352,10,2021,'Renewables',26.04),(353,10,2022,'Coal',25.46),(354,10,2022,'Oil',24.27),(355,10,2022,'Natural Gas',20.52),(356,10,2022,'Renewables',29.75),(357,10,2023,'Coal',3.94),(358,10,2023,'Oil',48.53),(359,10,2023,'Natural Gas',46.86),(360,10,2023,'Renewables',0.68);
/*!40000 ALTER TABLE `energy_sources` ENABLE KEYS */;
UNLOCK TABLES;

--
-- Table structure for table `industries`
--

DROP TABLE IF EXISTS `industries`;
/*!40101 SET @saved_cs_client     = @@character_set_client */;
/*!50503 SET character_set_client = utf8mb4 */;
CREATE TABLE `industries` (
  `industry_id` int NOT NULL,
  `industry_name` varchar(100) NOT NULL,
  `sector_type` varchar(50) DEFAULT NULL,
  PRIMARY KEY (`industry_id`),
  UNIQUE KEY `uq_industry` (`industry_name`)
) ENGINE=InnoDB DEFAULT CHARSET=utf8mb4 COLLATE=utf8mb4_0900_ai_ci;
/*!40101 SET character_set_client = @saved_cs_client */;

--
-- Dumping data for table `industries`
--

LOCK TABLES `industries` WRITE;
/*!40000 ALTER TABLE `industries` DISABLE KEYS */;
INSERT INTO `industries` VALUES (1,'Energy Production','Energy'),(2,'Manufacturing','Industrial'),(3,'Transportation','Transport'),(4,'Agriculture','Agriculture'),(5,'Construction','Industrial'),(6,'Mining','Extractive');
/*!40000 ALTER TABLE `industries` ENABLE KEYS */;
UNLOCK TABLES;

--
-- Table structure for table `industry_gdp`
--

DROP TABLE IF EXISTS `industry_gdp`;
/*!40101 SET @saved_cs_client     = @@character_set_client */;
/*!50503 SET character_set_client = utf8mb4 */;
CREATE TABLE `industry_gdp` (
  `gdp_id` int NOT NULL AUTO_INCREMENT,
  `country_id` int NOT NULL,
  `industry_id` int NOT NULL,
  `year` int NOT NULL,
  `gdp_usd_bn` decimal(12,2) NOT NULL,
  PRIMARY KEY (`gdp_id`),
  UNIQUE KEY `uq_country_industry_year` (`country_id`,`industry_id`,`year`),
  KEY `fk_gdp_industry` (`industry_id`),
  CONSTRAINT `fk_gdp_country` FOREIGN KEY (`country_id`) REFERENCES `countries` (`country_id`),
  CONSTRAINT `fk_gdp_industry` FOREIGN KEY (`industry_id`) REFERENCES `industries` (`industry_id`)
) ENGINE=InnoDB AUTO_INCREMENT=1024 DEFAULT CHARSET=utf8mb4 COLLATE=utf8mb4_0900_ai_ci;
/*!40101 SET character_set_client = @saved_cs_client */;

--
-- Dumping data for table `industry_gdp`
--

LOCK TABLES `industry_gdp` WRITE;
/*!40000 ALTER TABLE `industry_gdp` DISABLE KEYS */;
INSERT INTO `industry_gdp` VALUES (1,1,1,2015,721.91),(2,1,1,2016,768.32),(3,1,1,2017,722.58),(4,1,1,2018,738.36),(5,1,1,2019,817.60),(6,1,1,2020,804.97),(7,1,1,2021,777.46),(8,1,1,2022,828.63),(9,1,1,2023,809.20),(10,1,2,2015,564.83),(11,1,2,2016,521.61),(12,1,2,2017,563.19),(13,1,2,2018,548.28),(14,1,2,2019,595.60),(15,1,2,2020,553.67),(16,1,2,2021,536.90),(17,1,2,2022,638.51),(18,1,2,2023,580.16),(19,1,3,2015,242.88),(20,1,3,2016,257.60),(21,1,3,2017,230.16),(22,1,3,2018,264.07),(23,1,3,2019,242.90),(24,1,3,2020,250.01),(25,1,3,2021,243.50),(26,1,3,2022,297.79),(27,1,3,2023,257.07),(28,1,4,2015,57.05),(29,1,4,2016,107.43),(30,1,4,2017,71.46),(31,1,4,2018,111.91),(32,1,4,2019,73.22),(33,1,4,2020,96.12),(34,1,4,2021,138.67),(35,1,4,2022,159.59),(36,1,4,2023,156.13),(37,1,5,2015,91.98),(38,1,5,2016,84.65),(39,1,5,2017,62.42),(40,1,5,2018,69.24),(41,1,5,2019,68.57),(42,1,5,2020,86.78),(43,1,5,2021,71.51),(44,1,5,2022,35.34),(45,1,5,2023,62.10),(46,1,6,2015,77.90),(47,1,6,2016,80.82),(48,1,6,2017,107.46),(49,1,6,2018,121.05),(50,1,6,2019,126.86),(51,1,6,2020,107.61),(52,1,6,2021,122.87),(53,1,6,2022,139.77),(54,1,6,2023,156.74),(55,2,1,2015,587.20),(56,2,1,2016,568.75),(57,2,1,2017,623.81),(58,2,1,2018,627.55),(59,2,1,2019,562.28),(60,2,1,2020,584.64),(61,2,1,2021,546.91),(62,2,1,2022,496.41),(63,2,1,2023,516.36),(64,2,2,2015,1419.04),(65,2,2,2016,1273.30),(66,2,2,2017,1393.56),(67,2,2,2018,1367.63),(68,2,2,2019,1353.91),(69,2,2,2020,1367.35),(70,2,2,2021,1294.37),(71,2,2,2022,1356.01),(72,2,2,2023,1375.99),(73,2,3,2015,459.58),(74,2,3,2016,471.94),(75,2,3,2017,508.75),(76,2,3,2018,501.47),(77,2,3,2019,488.20),(78,2,3,2020,516.76),(79,2,3,2021,513.24),(80,2,3,2022,538.03),(81,2,3,2023,506.90),(82,2,4,2015,277.49),(83,2,4,2016,289.61),(84,2,4,2017,287.23),(85,2,4,2018,279.99),(86,2,4,2019,273.13),(87,2,4,2020,245.54),(88,2,4,2021,265.83),(89,2,4,2022,265.94),(90,2,4,2023,254.21),(91,2,5,2015,737.19),(92,2,5,2016,708.86),(93,2,5,2017,707.46),(94,2,5,2018,699.83),(95,2,5,2019,669.51),(96,2,5,2020,695.24),(97,2,5,2021,693.89),(98,2,5,2022,727.28),(99,2,5,2023,684.80),(100,2,6,2015,138.86),(101,2,6,2016,151.31),(102,2,6,2017,145.29),(103,2,6,2018,145.71),(104,2,6,2019,120.05),(105,2,6,2020,154.58),(106,2,6,2021,112.35),(107,2,6,2022,142.02),(108,2,6,2023,165.92),(109,3,1,2015,187.01),(110,3,1,2016,213.61),(111,3,1,2017,248.64),(112,3,1,2018,239.26),(113,3,1,2019,214.34),(114,3,1,2020,282.77),(115,3,1,2021,254.91),(116,3,1,2022,320.43),(117,3,1,2023,283.40),(118,3,2,2015,1697.96),(119,3,2,2016,1603.60),(120,3,2,2017,1607.06),(121,3,2,2018,1634.12),(122,3,2,2019,1549.87),(123,3,2,2020,1588.23),(124,3,2,2021,1613.33),(125,3,2,2022,1498.63),(126,3,2,2023,1548.68),(127,3,3,2015,148.04),(128,3,3,2016,168.26),(129,3,3,2017,132.57),(130,3,3,2018,139.48),(131,3,3,2019,188.76),(132,3,3,2020,192.54),(133,3,3,2021,200.27),(134,3,3,2022,211.11),(135,3,3,2023,197.27),(136,3,4,2015,219.78),(137,3,4,2016,229.90),(138,3,4,2017,216.50),(139,3,4,2018,282.04),(140,3,4,2019,260.17),(141,3,4,2020,232.32),(142,3,4,2021,281.73),(143,3,4,2022,254.61),(144,3,4,2023,302.15),(145,3,5,2015,278.75),(146,3,5,2016,274.17),(147,3,5,2017,284.01),(148,3,5,2018,303.83),(149,3,5,2019,275.40),(150,3,5,2020,271.47),(151,3,5,2021,273.14),(152,3,5,2022,277.94),(153,3,5,2023,292.71),(154,3,6,2015,677.39),(155,3,6,2016,674.43),(156,3,6,2017,698.01),(157,3,6,2018,674.21),(158,3,6,2019,720.95),(159,3,6,2020,691.50),(160,3,6,2021,671.22),(161,3,6,2022,669.98),(162,3,6,2023,695.25),(163,4,1,2015,1642.17),(164,4,1,2016,1690.85),(165,4,1,2017,1698.31),(166,4,1,2018,1695.09),(167,4,1,2019,1683.89),(168,4,1,2020,1676.40),(169,4,1,2021,1729.67),(170,4,1,2022,1791.16),(171,4,1,2023,1784.58),(172,4,2,2015,1599.15),(173,4,2,2016,1618.68),(174,4,2,2017,1661.84),(175,4,2,2018,1665.37),(176,4,2,2019,1630.20),(177,4,2,2020,1689.56),(178,4,2,2021,1703.52),(179,4,2,2022,1728.69),(180,4,2,2023,1734.50),(181,4,3,2015,434.96),(182,4,3,2016,430.39),(183,4,3,2017,425.88),(184,4,3,2018,494.76),(185,4,3,2019,418.02),(186,4,3,2020,425.90),(187,4,3,2021,417.36),(188,4,3,2022,406.16),(189,4,3,2023,380.36),(190,4,4,2015,457.31),(191,4,4,2016,421.01),(192,4,4,2017,424.56),(193,4,4,2018,464.75),(194,4,4,2019,363.81),(195,4,4,2020,411.05),(196,4,4,2021,351.54),(197,4,4,2022,367.71),(198,4,4,2023,393.12),(199,4,5,2015,110.76),(200,4,5,2016,132.02),(201,4,5,2017,111.20),(202,4,5,2018,125.73),(203,4,5,2019,123.50),(204,4,5,2020,113.39),(205,4,5,2021,155.64),(206,4,5,2022,133.34),(207,4,5,2023,93.78),(208,4,6,2015,605.33),(209,4,6,2016,587.21),(210,4,6,2017,593.94),(211,4,6,2018,599.79),(212,4,6,2019,601.77),(213,4,6,2020,567.35),(214,4,6,2021,576.89),(215,4,6,2022,571.35),(216,4,6,2023,565.23),(217,5,1,2015,948.57),(218,5,1,2016,1032.33),(219,5,1,2017,1081.99),(220,5,1,2018,1051.37),(221,5,1,2019,969.57),(222,5,1,2020,1013.32),(223,5,1,2021,1082.10),(224,5,1,2022,1020.50),(225,5,1,2023,1068.31),(226,5,2,2015,893.73),(227,5,2,2016,739.10),(228,5,2,2017,802.62),(229,5,2,2018,815.54),(230,5,2,2019,766.64),(231,5,2,2020,853.37),(232,5,2,2021,732.10),(233,5,2,2022,752.68),(234,5,2,2023,758.59),(235,5,3,2015,465.19),(236,5,3,2016,442.57),(237,5,3,2017,423.54),(238,5,3,2018,458.06),(239,5,3,2019,455.05),(240,5,3,2020,440.22),(241,5,3,2021,457.73),(242,5,3,2022,450.49),(243,5,3,2023,464.24),(244,5,4,2015,468.47),(245,5,4,2016,503.98),(246,5,4,2017,417.27),(247,5,4,2018,460.02),(248,5,4,2019,479.47),(249,5,4,2020,475.86),(250,5,4,2021,459.12),(251,5,4,2022,471.39),(252,5,4,2023,468.27),(253,5,5,2015,629.48),(254,5,5,2016,643.91),(255,5,5,2017,629.37),(256,5,5,2018,606.47),(257,5,5,2019,623.21),(258,5,5,2020,607.17),(259,5,5,2021,607.61),(260,5,5,2022,597.71),(261,5,5,2023,568.67),(262,5,6,2015,562.04),(263,5,6,2016,574.73),(264,5,6,2017,581.42),(265,5,6,2018,603.42),(266,5,6,2019,579.98),(267,5,6,2020,601.67),(268,5,6,2021,595.02),(269,5,6,2022,599.40),(270,5,6,2023,623.75),(271,6,1,2015,1377.15),(272,6,1,2016,1341.10),(273,6,1,2017,1373.16),(274,6,1,2018,1347.33),(275,6,1,2019,1378.44),(276,6,1,2020,1371.44),(277,6,1,2021,1388.31),(278,6,1,2022,1414.67),(279,6,1,2023,1374.10),(280,6,2,2015,635.85),(281,6,2,2016,597.14),(282,6,2,2017,578.31),(283,6,2,2018,566.44),(284,6,2,2019,560.60),(285,6,2,2020,532.18),(286,6,2,2021,495.22),(287,6,2,2022,523.29),(288,6,2,2023,490.91),(289,6,3,2015,492.10),(290,6,3,2016,511.72),(291,6,3,2017,536.40),(292,6,3,2018,523.45),(293,6,3,2019,526.28),(294,6,3,2020,558.27),(295,6,3,2021,566.83),(296,6,3,2022,558.80),(297,6,3,2023,568.13),(298,6,4,2015,138.69),(299,6,4,2016,112.44),(300,6,4,2017,124.04),(301,6,4,2018,149.91),(302,6,4,2019,171.71),(303,6,4,2020,193.95),(304,6,4,2021,230.27),(305,6,4,2022,227.39),(306,6,4,2023,215.71),(307,6,5,2015,109.79),(308,6,5,2016,105.62),(309,6,5,2017,114.68),(310,6,5,2018,97.32),(311,6,5,2019,117.41),(312,6,5,2020,132.50),(313,6,5,2021,107.76),(314,6,5,2022,115.32),(315,6,5,2023,119.54),(316,6,6,2015,184.97),(317,6,6,2016,201.30),(318,6,6,2017,205.08),(319,6,6,2018,213.30),(320,6,6,2019,207.18),(321,6,6,2020,226.10),(322,6,6,2021,240.15),(323,6,6,2022,261.39),(324,6,6,2023,260.97),(325,7,1,2015,864.15),(326,7,1,2016,844.52),(327,7,1,2017,919.21),(328,7,1,2018,818.72),(329,7,1,2019,822.08),(330,7,1,2020,834.96),(331,7,1,2021,786.07),(332,7,1,2022,846.48),(333,7,1,2023,842.77),(334,7,2,2015,1712.24),(335,7,2,2016,1735.97),(336,7,2,2017,1806.70),(337,7,2,2018,1791.30),(338,7,2,2019,1754.87),(339,7,2,2020,1760.64),(340,7,2,2021,1826.30),(341,7,2,2022,1779.89),(342,7,2,2023,1907.22),(343,7,3,2015,1054.90),(344,7,3,2016,1026.70),(345,7,3,2017,1007.38),(346,7,3,2018,1082.91),(347,7,3,2019,1058.66),(348,7,3,2020,1096.46),(349,7,3,2021,1042.21),(350,7,3,2022,1072.15),(351,7,3,2023,1093.51),(352,7,4,2015,857.08),(353,7,4,2016,855.93),(354,7,4,2017,889.33),(355,7,4,2018,861.92),(356,7,4,2019,892.06),(357,7,4,2020,907.63),(358,7,4,2021,926.07),(359,7,4,2022,940.19),(360,7,4,2023,909.59),(361,7,5,2015,480.03),(362,7,5,2016,461.70),(363,7,5,2017,494.07),(364,7,5,2018,470.40),(365,7,5,2019,484.23),(366,7,5,2020,465.42),(367,7,5,2021,493.20),(368,7,5,2022,486.50),(369,7,5,2023,454.29),(370,7,6,2015,141.06),(371,7,6,2016,129.11),(372,7,6,2017,132.89),(373,7,6,2018,90.81),(374,7,6,2019,108.51),(375,7,6,2020,107.03),(376,7,6,2021,57.71),(377,7,6,2022,59.27),(378,7,6,2023,39.36),(379,8,1,2015,1641.57),(380,8,1,2016,1586.27),(381,8,1,2017,1635.38),(382,8,1,2018,1524.74),(383,8,1,2019,1508.12),(384,8,1,2020,1560.48),(385,8,1,2021,1570.56),(386,8,1,2022,1550.68),(387,8,1,2023,1474.13),(388,8,2,2015,1130.99),(389,8,2,2016,1137.85),(390,8,2,2017,1083.04),(391,8,2,2018,1088.85),(392,8,2,2019,1060.68),(393,8,2,2020,1086.44),(394,8,2,2021,1112.97),(395,8,2,2022,1035.97),(396,8,2,2023,1078.98),(397,8,3,2015,235.40),(398,8,3,2016,219.52),(399,8,3,2017,224.51),(400,8,3,2018,193.97),(401,8,3,2019,194.48),(402,8,3,2020,170.19),(403,8,3,2021,229.68),(404,8,3,2022,177.12),(405,8,3,2023,150.85),(406,8,4,2015,971.21),(407,8,4,2016,973.28),(408,8,4,2017,980.17),(409,8,4,2018,1007.80),(410,8,4,2019,1020.21),(411,8,4,2020,1001.13),(412,8,4,2021,1009.38),(413,8,4,2022,1025.27),(414,8,4,2023,989.93),(415,8,5,2015,499.82),(416,8,5,2016,469.44),(417,8,5,2017,479.87),(418,8,5,2018,473.91),(419,8,5,2019,513.47),(420,8,5,2020,482.10),(421,8,5,2021,461.43),(422,8,5,2022,447.05),(423,8,5,2023,435.32),(424,8,6,2015,226.91),(425,8,6,2016,212.31),(426,8,6,2017,203.96),(427,8,6,2018,243.65),(428,8,6,2019,229.71),(429,8,6,2020,214.53),(430,8,6,2021,235.01),(431,8,6,2022,212.13),(432,8,6,2023,196.22),(433,9,1,2015,1019.59),(434,9,1,2016,1057.81),(435,9,1,2017,1042.44),(436,9,1,2018,1033.27),(437,9,1,2019,1122.66),(438,9,1,2020,1165.68),(439,9,1,2021,1058.47),(440,9,1,2022,1135.72),(441,9,1,2023,1101.84),(442,9,2,2015,366.38),(443,9,2,2016,377.62),(444,9,2,2017,339.29),(445,9,2,2018,370.34),(446,9,2,2019,351.58),(447,9,2,2020,337.47),(448,9,2,2021,306.53),(449,9,2,2022,310.59),(450,9,2,2023,349.69),(451,9,3,2015,226.64),(452,9,3,2016,244.71),(453,9,3,2017,195.14),(454,9,3,2018,247.54),(455,9,3,2019,224.73),(456,9,3,2020,255.55),(457,9,3,2021,229.92),(458,9,3,2022,210.72),(459,9,3,2023,218.33),(460,9,4,2015,166.32),(461,9,4,2016,181.74),(462,9,4,2017,133.58),(463,9,4,2018,171.12),(464,9,4,2019,148.37),(465,9,4,2020,163.09),(466,9,4,2021,180.91),(467,9,4,2022,163.37),(468,9,4,2023,176.29),(469,9,5,2015,90.72),(470,9,5,2016,74.33),(471,9,5,2017,102.87),(472,9,5,2018,80.73),(473,9,5,2019,112.98),(474,9,5,2020,134.00),(475,9,5,2021,82.65),(476,9,5,2022,115.13),(477,9,5,2023,143.09),(478,9,6,2015,625.01),(479,9,6,2016,640.59),(480,9,6,2017,632.94),(481,9,6,2018,650.27),(482,9,6,2019,653.61),(483,9,6,2020,680.45),(484,9,6,2021,673.71),(485,9,6,2022,681.95),(486,9,6,2023,677.67),(487,10,1,2015,422.56),(488,10,1,2016,382.24),(489,10,1,2017,395.33),(490,10,1,2018,446.04),(491,10,1,2019,392.14),(492,10,1,2020,338.45),(493,10,1,2021,380.14),(494,10,1,2022,312.06),(495,10,1,2023,243.22),(496,10,2,2015,812.04),(497,10,2,2016,840.98),(498,10,2,2017,892.08),(499,10,2,2018,837.90),(500,10,2,2019,811.83),(501,10,2,2020,841.58),(502,10,2,2021,728.21),(503,10,2,2022,806.89),(504,10,2,2023,818.69),(505,10,3,2015,134.93),(506,10,3,2016,202.29),(507,10,3,2017,194.24),(508,10,3,2018,187.33),(509,10,3,2019,220.07),(510,10,3,2020,265.78),(511,10,3,2021,229.50),(512,10,3,2022,240.64),(513,10,3,2023,234.74),(514,10,4,2015,287.72),(515,10,4,2016,313.35),(516,10,4,2017,306.64),(517,10,4,2018,333.04),(518,10,4,2019,335.21),(519,10,4,2020,356.07),(520,10,4,2021,327.38),(521,10,4,2022,338.03),(522,10,4,2023,327.80),(523,10,5,2015,615.41),(524,10,5,2016,584.97),(525,10,5,2017,606.60),(526,10,5,2018,608.64),(527,10,5,2019,589.25),(528,10,5,2020,605.96),(529,10,5,2021,560.94),(530,10,5,2022,548.63),(531,10,5,2023,535.37),(532,10,6,2015,385.08),(533,10,6,2016,373.56),(534,10,6,2017,359.18),(535,10,6,2018,419.46),(536,10,6,2019,391.43),(537,10,6,2020,397.83),(538,10,6,2021,413.79),(539,10,6,2022,416.82),(540,10,6,2023,419.67);
/*!40000 ALTER TABLE `industry_gdp` ENABLE KEYS */;
UNLOCK TABLES;

--
-- Dumping events for database 'industry_carbon_emission_analysis'
--

--
-- Dumping routines for database 'industry_carbon_emission_analysis'
--
/*!40103 SET TIME_ZONE=@OLD_TIME_ZONE */;

/*!40101 SET SQL_MODE=@OLD_SQL_MODE */;
/*!40014 SET FOREIGN_KEY_CHECKS=@OLD_FOREIGN_KEY_CHECKS */;
/*!40014 SET UNIQUE_CHECKS=@OLD_UNIQUE_CHECKS */;
/*!40101 SET CHARACTER_SET_CLIENT=@OLD_CHARACTER_SET_CLIENT */;
/*!40101 SET CHARACTER_SET_RESULTS=@OLD_CHARACTER_SET_RESULTS */;
/*!40101 SET COLLATION_CONNECTION=@OLD_COLLATION_CONNECTION */;
/*!40111 SET SQL_NOTES=@OLD_SQL_NOTES */;

-- Dump completed on 2026-02-08  4:33:28
